16-12-2021 21:13:07,1541,20
16-12-2021 21:28:07,1452,19
16-12-2021 21:43:07,1396,19
16-12-2021 21:58:07,1350,19
16-12-2021 22:13:07,1228,19
16-12-2021 22:28:07,1189,21
16-12-2021 22:43:07,1141,21
16-12-2021 22:58:07,1092,20
16-12-2021 23:13:08,1102,20
16-12-2021 23:28:08,1105,20
16-12-2021 23:43:08,1134,19
16-12-2021 23:58:08,1145,19
17-12-2021 00:13:08,1157,19
17-12-2021 00:28:08,1111,19
17-12-2021 00:43:08,1131,19
17-12-2021 00:58:08,1151,19
17-12-2021 01:13:08,1151,19
17-12-2021 01:28:08,1193,18
17-12-2021 01:43:09,1184,18
17-12-2021 01:58:09,1157,18
17-12-2021 02:13:09,1076,18
17-12-2021 02:28:09,1054,18
17-12-2021 02:43:09,1031,18
17-12-2021 02:58:09,963,18
17-12-2021 03:13:09,937,18
17-12-2021 03:28:09,918,18
17-12-2021 03:43:09,893,18
17-12-2021 03:58:09,870,18
17-12-2021 04:13:09,862,18
17-12-2021 04:28:09,854,18
17-12-2021 04:43:09,845,18
17-12-2021 04:58:10,831,17
17-12-2021 05:13:10,813,17
17-12-2021 05:28:10,812,18
17-12-2021 05:43:10,793,17
17-12-2021 05:58:10,783,17
17-12-2021 06:13:10,769,17
17-12-2021 06:28:10,759,17
17-12-2021 06:43:10,740,17
17-12-2021 06:58:10,739,18
17-12-2021 07:13:10,735,19
17-12-2021 07:28:10,712,21
17-12-2021 07:43:10,714,21
17-12-2021 07:58:11,711,20
17-12-2021 08:13:11,729,20
17-12-2021 08:28:11,743,19
17-12-2021 08:43:11,754,19
17-12-2021 08:58:11,732,19
17-12-2021 09:13:11,742,19
17-12-2021 09:28:11,724,19
17-12-2021 09:43:11,753,18
17-12-2021 09:58:11,740,18
17-12-2021 10:13:11,718,18
17-12-2021 10:28:12,711,18
17-12-2021 10:43:12,693,18
17-12-2021 10:58:12,679,18
17-12-2021 11:13:12,684,18
17-12-2021 11:28:12,677,18
17-12-2021 11:43:12,661,18
17-12-2021 11:58:12,728,18
17-12-2021 12:13:12,705,18
17-12-2021 12:28:12,694,18
17-12-2021 12:43:12,737,18
17-12-2021 12:58:13,793,17
17-12-2021 13:13:13,800,18
17-12-2021 13:28:13,758,17
17-12-2021 13:43:13,750,17
17-12-2021 13:58:13,749,17
17-12-2021 14:13:13,738,17
17-12-2021 14:28:13,724,17
17-12-2021 14:43:13,716,17
17-12-2021 14:58:13,709,17
17-12-2021 15:13:14,698,17
17-12-2021 15:28:14,699,17
17-12-2021 15:43:14,690,17
17-12-2021 15:58:14,678,17
17-12-2021 16:13:14,667,17
17-12-2021 16:28:14,712,17
17-12-2021 16:43:14,738,17
17-12-2021 16:58:14,734,18
17-12-2021 17:13:14,708,19
17-12-2021 17:28:14,693,21
17-12-2021 17:43:14,656,21
17-12-2021 17:58:15,729,20
17-12-2021 18:13:15,715,20
17-12-2021 18:28:15,711,19
17-12-2021 18:43:15,691,19
17-12-2021 18:58:15,740,19
17-12-2021 19:13:15,746,19
17-12-2021 19:28:15,766,20
17-12-2021 19:43:15,781,20
17-12-2021 19:58:15,791,20
17-12-2021 20:13:15,821,19
17-12-2021 20:28:15,843,19
17-12-2021 20:43:15,836,19
17-12-2021 20:58:15,946,19
17-12-2021 21:13:16,1041,19
17-12-2021 21:28:16,1081,19
17-12-2021 21:43:16,1092,19
17-12-2021 21:58:16,1006,18
17-12-2021 22:13:16,973,19
17-12-2021 22:28:16,897,20
17-12-2021 22:43:16,878,21
17-12-2021 22:58:16,848,20
17-12-2021 23:13:16,847,20
17-12-2021 23:28:16,828,20
17-12-2021 23:43:16,805,19
17-12-2021 23:58:17,784,19
18-12-2021 00:13:17,783,19
18-12-2021 00:28:17,768,19
18-12-2021 00:43:17,761,19
18-12-2021 00:58:17,756,18
18-12-2021 01:13:17,730,18
18-12-2021 01:28:17,717,18
18-12-2021 01:43:17,699,18
18-12-2021 01:58:17,694,18
18-12-2021 02:13:18,672,18
18-12-2021 02:28:18,663,18
18-12-2021 02:43:18,654,18
18-12-2021 02:58:18,650,18
18-12-2021 03:13:18,636,18
18-12-2021 03:28:18,633,18
18-12-2021 03:43:18,612,18
18-12-2021 03:58:18,610,18
18-12-2021 04:13:18,595,18
18-12-2021 04:28:18,592,18
18-12-2021 04:43:18,584,17
18-12-2021 04:58:19,571,17
18-12-2021 05:13:19,562,17
18-12-2021 05:28:19,553,17
18-12-2021 05:43:19,560,17
18-12-2021 05:58:19,533,17
18-12-2021 06:13:19,536,17
18-12-2021 06:28:19,521,17
18-12-2021 06:43:19,514,17
18-12-2021 06:58:19,502,17
18-12-2021 07:13:19,504,17
18-12-2021 07:28:20,500,17
18-12-2021 07:43:20,505,18
18-12-2021 07:58:20,499,20
18-12-2021 08:13:20,531,21
18-12-2021 08:28:20,567,21
18-12-2021 08:43:20,557,20
18-12-2021 08:58:20,571,19
18-12-2021 09:13:20,567,19
18-12-2021 09:28:20,533,19
18-12-2021 09:43:20,547,19
18-12-2021 09:58:20,536,20
18-12-2021 10:13:20,516,20
18-12-2021 10:28:21,522,20
18-12-2021 10:43:21,512,19
18-12-2021 10:58:21,482,19
18-12-2021 11:13:21,483,19
18-12-2021 11:28:21,536,19
18-12-2021 11:43:21,615,19
18-12-2021 11:58:21,624,19
18-12-2021 12:13:21,628,20
18-12-2021 12:28:21,633,20
18-12-2021 12:43:21,625,20
18-12-2021 12:58:22,643,19
18-12-2021 13:13:22,643,19
18-12-2021 13:28:22,613,19
18-12-2021 13:43:22,681,19
18-12-2021 13:58:22,761,19
18-12-2021 14:13:22,507,19
18-12-2021 14:28:22,558,19
18-12-2021 14:43:22,598,19
18-12-2021 14:58:22,611,20
18-12-2021 15:13:22,633,20
18-12-2021 15:28:23,650,20
18-12-2021 15:43:23,658,19
18-12-2021 15:58:23,651,20
18-12-2021 16:13:23,639,20
18-12-2021 16:28:23,640,20
18-12-2021 16:43:23,634,20
18-12-2021 16:58:23,640,20
18-12-2021 17:13:23,607,19
18-12-2021 17:28:23,588,19
18-12-2021 17:43:24,509,19
18-12-2021 17:58:24,589,19
18-12-2021 18:13:24,651,20
18-12-2021 18:28:24,711,20
18-12-2021 18:43:24,752,20
18-12-2021 18:58:24,805,20
18-12-2021 19:13:24,823,20
18-12-2021 19:28:24,892,20
18-12-2021 19:43:24,963,20
18-12-2021 19:58:24,1044,20
18-12-2021 20:13:25,1131,20
18-12-2021 20:28:25,1173,20
18-12-2021 20:43:25,1279,20
18-12-2021 20:58:25,1500,20
18-12-2021 21:13:25,1654,20
18-12-2021 21:28:25,1722,20
18-12-2021 21:43:25,1864,20
18-12-2021 21:58:25,2000,20
18-12-2021 22:13:25,2000,20
18-12-2021 22:28:26,2000,20
18-12-2021 22:43:26,2000,20
18-12-2021 22:58:26,2000,20
18-12-2021 23:13:26,2000,20
18-12-2021 23:28:26,2000,20
18-12-2021 23:43:26,1904,20
18-12-2021 23:58:26,1907,20
19-12-2021 00:13:26,1995,20
19-12-2021 00:28:26,2000,19
19-12-2021 00:43:26,1978,19
19-12-2021 00:58:26,1897,19
19-12-2021 01:13:26,1859,19
19-12-2021 01:28:26,1815,19
19-12-2021 01:43:27,1746,19
19-12-2021 01:58:27,1701,19
19-12-2021 02:13:27,1648,19
19-12-2021 02:28:27,1617,19
19-12-2021 02:43:27,1551,19
19-12-2021 02:58:27,1528,19
19-12-2021 03:13:27,1480,19
19-12-2021 03:28:27,1461,19
19-12-2021 03:43:27,1421,19
19-12-2021 03:58:27,1394,18
19-12-2021 04:13:27,1326,18
19-12-2021 04:28:28,1291,18
19-12-2021 04:43:28,1278,18
19-12-2021 04:58:28,1227,18
19-12-2021 05:13:28,1213,18
19-12-2021 05:28:28,1161,18
19-12-2021 05:43:28,1131,18
19-12-2021 05:58:28,1078,18
19-12-2021 06:13:28,1058,18
19-12-2021 06:28:28,1006,18
19-12-2021 06:43:28,984,18
19-12-2021 06:58:28,970,18
19-12-2021 07:13:29,915,18
19-12-2021 07:28:29,898,18
19-12-2021 07:43:29,882,18
19-12-2021 07:58:29,856,18
19-12-2021 08:13:29,849,18
19-12-2021 08:28:29,849,19
19-12-2021 08:43:29,837,21
19-12-2021 08:58:29,803,20
19-12-2021 09:13:29,788,20
19-12-2021 09:28:29,792,20
19-12-2021 09:43:29,717,19
19-12-2021 09:58:30,684,19
19-12-2021 10:13:30,705,19
19-12-2021 10:28:30,729,20
19-12-2021 10:43:30,710,20
19-12-2021 10:58:30,717,20
19-12-2021 11:13:30,715,20
19-12-2021 11:28:30,703,19
19-12-2021 11:43:30,702,19
19-12-2021 11:58:30,688,19
19-12-2021 12:13:30,674,19
19-12-2021 12:28:31,676,19
19-12-2021 12:43:31,677,19
19-12-2021 12:58:31,662,19
19-12-2021 13:13:31,701,19
19-12-2021 13:28:31,712,18
19-12-2021 13:43:31,731,18
19-12-2021 13:58:31,750,18
19-12-2021 14:13:31,763,18
19-12-2021 14:28:31,800,18
19-12-2021 14:43:31,800,18
19-12-2021 14:58:31,817,18
19-12-2021 15:13:31,821,18
19-12-2021 15:28:32,804,18
19-12-2021 15:43:32,820,18
19-12-2021 15:58:32,830,18
19-12-2021 16:13:32,826,18
19-12-2021 16:28:32,837,18
19-12-2021 16:43:32,816,18
19-12-2021 16:58:32,853,18
19-12-2021 17:13:32,847,18
19-12-2021 17:28:32,825,18
19-12-2021 17:43:32,793,20
19-12-2021 17:58:32,771,21
19-12-2021 18:13:32,726,20
19-12-2021 18:28:33,691,20
19-12-2021 18:43:33,645,20
19-12-2021 18:58:33,771,20
19-12-2021 19:13:33,883,19
19-12-2021 19:28:33,959,19
19-12-2021 19:43:33,1088,19
19-12-2021 19:58:33,1134,19
19-12-2021 20:13:33,1129,21
19-12-2021 20:28:33,1164,22
19-12-2021 20:43:34,1169,21
19-12-2021 20:58:34,1080,21
19-12-2021 21:13:34,1247,20
19-12-2021 21:28:34,1328,20
19-12-2021 21:43:34,1462,20
19-12-2021 21:58:34,1570,20
19-12-2021 22:13:34,1513,20
19-12-2021 22:28:34,1019,19
19-12-2021 22:43:34,1278,20
19-12-2021 22:58:34,1186,20
19-12-2021 23:13:34,1167,20
19-12-2021 23:28:34,1151,20
19-12-2021 23:43:34,1130,20
19-12-2021 23:58:35,1102,20
20-12-2021 00:13:35,1084,19
20-12-2021 00:28:35,1036,19
20-12-2021 00:43:35,1030,19
20-12-2021 00:58:35,998,19
20-12-2021 01:13:35,964,19
20-12-2021 01:28:35,965,19
20-12-2021 01:43:35,916,19
20-12-2021 01:58:35,885,19
20-12-2021 02:13:35,891,19
20-12-2021 02:28:35,883,19
20-12-2021 02:43:36,878,18
20-12-2021 02:58:36,859,18
20-12-2021 03:13:36,843,18
20-12-2021 03:28:36,826,18
20-12-2021 03:43:36,817,18
20-12-2021 03:58:36,800,18
20-12-2021 04:13:36,788,18
20-12-2021 04:28:36,768,18
20-12-2021 04:43:36,757,18
20-12-2021 04:58:36,735,18
20-12-2021 05:13:37,727,18
20-12-2021 05:28:37,714,18
20-12-2021 05:43:37,711,18
20-12-2021 05:58:37,685,18
20-12-2021 06:13:37,686,18
20-12-2021 06:28:37,675,18
20-12-2021 06:43:37,642,18
20-12-2021 06:58:37,623,19
20-12-2021 07:13:37,619,20
20-12-2021 07:28:37,623,21
20-12-2021 07:43:37,576,20
20-12-2021 07:58:37,580,20
20-12-2021 08:13:38,580,20
20-12-2021 08:28:38,582,20
20-12-2021 08:43:38,611,19
20-12-2021 08:58:38,625,19
20-12-2021 09:13:38,613,19
20-12-2021 09:28:38,605,19
20-12-2021 09:43:38,612,19
20-12-2021 09:58:38,610,18
20-12-2021 10:13:38,633,18
20-12-2021 10:28:39,633,18
20-12-2021 10:43:39,677,18
20-12-2021 10:58:39,626,20
20-12-2021 11:13:39,621,21
20-12-2021 11:28:39,602,20
20-12-2021 11:43:39,624,20
20-12-2021 11:58:39,598,19
20-12-2021 12:13:39,651,19
20-12-2021 12:28:39,667,19
20-12-2021 12:43:40,465,17
20-12-2021 12:58:40,521,19
20-12-2021 13:13:40,562,20
20-12-2021 13:28:40,533,20
20-12-2021 13:43:40,604,20
20-12-2021 13:58:40,591,19
20-12-2021 14:13:40,609,19
20-12-2021 14:28:40,631,19
20-12-2021 14:43:41,559,19
20-12-2021 14:58:41,530,19
20-12-2021 15:13:41,617,19
20-12-2021 15:28:41,690,19
20-12-2021 15:43:41,629,19
20-12-2021 15:58:41,621,19
20-12-2021 16:13:41,652,19
20-12-2021 16:28:41,696,18
20-12-2021 16:43:41,766,18
20-12-2021 16:58:41,803,18
20-12-2021 17:13:41,804,18
20-12-2021 17:28:42,857,18
20-12-2021 17:43:42,780,18
20-12-2021 17:58:42,676,18
20-12-2021 18:13:42,673,18
20-12-2021 18:28:42,668,18
20-12-2021 18:43:42,739,18
20-12-2021 18:58:42,784,18
20-12-2021 19:13:42,829,18
20-12-2021 19:28:42,942,18
20-12-2021 19:43:43,979,18
20-12-2021 19:58:43,980,18
20-12-2021 20:13:43,977,18
20-12-2021 20:28:43,1060,18
20-12-2021 20:43:43,1032,18
20-12-2021 20:58:43,1028,18
20-12-2021 21:13:43,1012,18
20-12-2021 21:28:43,1052,18
20-12-2021 21:43:43,1115,18
20-12-2021 21:58:43,1145,18
20-12-2021 22:13:44,1141,18
20-12-2021 22:28:44,1060,18
20-12-2021 22:43:44,1034,19
20-12-2021 22:58:44,999,19
20-12-2021 23:13:44,1037,19
20-12-2021 23:28:44,1051,18
20-12-2021 23:43:44,974,18
20-12-2021 23:58:44,881,18
21-12-2021 00:13:44,849,18
21-12-2021 00:28:45,826,18
21-12-2021 00:43:45,821,18
21-12-2021 00:58:45,787,18
21-12-2021 01:13:45,772,18
21-12-2021 01:28:45,753,17
21-12-2021 01:43:45,731,17
21-12-2021 01:58:45,702,17
21-12-2021 02:13:45,694,17
21-12-2021 02:28:45,674,17
21-12-2021 02:43:46,658,17
21-12-2021 02:58:46,646,17
21-12-2021 03:13:46,636,17
21-12-2021 03:28:46,624,17
21-12-2021 03:43:46,602,17
21-12-2021 03:58:46,590,17
21-12-2021 04:13:46,581,17
21-12-2021 04:28:46,570,17
21-12-2021 04:43:46,551,17
21-12-2021 04:58:46,541,17
21-12-2021 05:13:46,523,17
21-12-2021 05:28:47,546,17
21-12-2021 05:43:47,533,17
21-12-2021 05:58:47,526,16
21-12-2021 06:13:47,518,16
21-12-2021 06:28:47,502,16
21-12-2021 06:43:47,491,16
21-12-2021 06:58:47,484,17
21-12-2021 07:13:47,448,19
21-12-2021 07:28:47,420,20
21-12-2021 07:43:47,484,21
21-12-2021 07:58:47,452,21
21-12-2021 08:13:48,506,20
21-12-2021 08:28:48,519,19
21-12-2021 08:43:48,504,19
21-12-2021 08:58:48,504,19
21-12-2021 09:13:48,537,19
21-12-2021 09:28:48,517,18
21-12-2021 09:43:48,510,18
21-12-2021 09:58:48,509,18
21-12-2021 10:13:48,484,17
21-12-2021 10:28:48,473,17
21-12-2021 10:43:49,464,17
21-12-2021 10:58:49,448,17
21-12-2021 11:13:49,448,17
21-12-2021 11:28:49,438,17
21-12-2021 11:43:49,414,17
21-12-2021 11:58:49,414,17
21-12-2021 12:13:49,416,18
21-12-2021 12:28:49,433,20
21-12-2021 12:43:49,444,21
21-12-2021 12:58:49,430,21
21-12-2021 13:13:49,409,20
21-12-2021 13:28:49,425,20
21-12-2021 13:43:50,417,20
21-12-2021 13:58:50,408,19
21-12-2021 14:13:50,407,19
21-12-2021 14:28:50,405,19
21-12-2021 14:43:50,406,20
21-12-2021 14:58:50,405,20
21-12-2021 15:13:50,401,20
21-12-2021 15:28:50,400,19
21-12-2021 15:43:50,402,19
21-12-2021 15:58:50,403,19
21-12-2021 16:13:51,404,19
21-12-2021 16:28:51,402,19
21-12-2021 16:43:51,403,21
21-12-2021 16:58:51,401,20
21-12-2021 17:13:51,402,19
21-12-2021 17:28:51,404,19
21-12-2021 17:43:51,402,19
21-12-2021 17:58:51,401,19
21-12-2021 18:13:51,402,19
21-12-2021 18:28:51,450,19
21-12-2021 18:43:51,444,20
21-12-2021 18:58:51,472,21
21-12-2021 19:13:52,506,20
21-12-2021 19:28:52,551,20
21-12-2021 19:43:52,606,20
21-12-2021 19:58:52,645,19
21-12-2021 20:13:52,666,19
21-12-2021 20:28:52,722,19
21-12-2021 20:43:52,736,19
21-12-2021 20:58:52,806,18
21-12-2021 21:13:53,844,18
21-12-2021 21:28:53,868,18
21-12-2021 21:43:53,805,18
21-12-2021 21:58:53,780,18
21-12-2021 22:13:53,735,18
21-12-2021 22:28:53,678,20
21-12-2021 22:43:53,707,20
21-12-2021 22:58:53,722,19
21-12-2021 23:13:53,728,19
21-12-2021 23:28:53,727,19
21-12-2021 23:43:53,702,18
21-12-2021 23:58:54,672,18
22-12-2021 00:13:54,665,18
22-12-2021 00:28:54,637,18
22-12-2021 00:43:54,615,18
22-12-2021 00:58:54,604,18
22-12-2021 01:13:54,598,17
22-12-2021 01:28:54,569,17
22-12-2021 01:43:54,568,17
22-12-2021 01:58:54,538,17
22-12-2021 02:13:54,519,17
22-12-2021 02:28:54,513,17
22-12-2021 02:43:54,489,17
22-12-2021 02:58:54,476,17
22-12-2021 03:13:55,470,17
22-12-2021 03:28:55,462,17
22-12-2021 03:43:55,442,17
22-12-2021 03:58:55,436,17
22-12-2021 04:13:55,418,17
22-12-2021 04:28:55,409,17
22-12-2021 04:43:55,407,17
22-12-2021 04:58:55,414,17
22-12-2021 05:13:55,413,16
22-12-2021 05:28:55,407,16
22-12-2021 05:43:55,405,16
22-12-2021 05:58:55,404,16
22-12-2021 06:13:56,406,16
22-12-2021 06:28:56,402,16
22-12-2021 06:43:56,404,16
22-12-2021 06:58:56,402,17
22-12-2021 07:13:56,402,19
22-12-2021 07:28:56,402,20
22-12-2021 07:43:56,403,21
22-12-2021 07:58:56,403,21
22-12-2021 08:13:57,403,20
22-12-2021 08:28:57,404,19
22-12-2021 08:43:57,404,19
22-12-2021 08:58:57,403,19
22-12-2021 09:13:57,405,18
22-12-2021 09:28:57,402,18
22-12-2021 09:43:57,403,17
22-12-2021 09:58:57,402,17
22-12-2021 10:13:58,404,17
22-12-2021 10:28:58,403,17
22-12-2021 10:43:58,400,17
22-12-2021 10:58:58,400,17
22-12-2021 11:13:58,401,18
22-12-2021 11:28:58,402,19
22-12-2021 11:43:58,404,20
22-12-2021 11:58:58,401,21
22-12-2021 12:13:58,401,20
22-12-2021 12:28:58,401,19
22-12-2021 12:43:58,400,19
22-12-2021 12:58:59,403,19
22-12-2021 13:13:59,403,19
22-12-2021 13:28:59,402,19
22-12-2021 13:43:59,408,19
22-12-2021 13:58:59,403,19
22-12-2021 14:13:59,403,19
22-12-2021 14:28:59,404,19
22-12-2021 14:43:59,402,18
22-12-2021 14:58:59,400,18
22-12-2021 15:14:00,401,18
22-12-2021 15:29:00,402,19
22-12-2021 15:44:00,401,19
22-12-2021 15:59:00,400,19
22-12-2021 16:14:00,404,19
22-12-2021 16:29:00,404,19
22-12-2021 16:44:00,401,19
22-12-2021 16:59:00,403,19
22-12-2021 17:14:00,401,19
22-12-2021 17:29:00,401,19
22-12-2021 17:44:00,402,18
22-12-2021 17:59:01,402,19
22-12-2021 18:14:01,403,18
22-12-2021 18:29:01,400,18
22-12-2021 18:44:01,400,18
22-12-2021 18:59:01,403,18
22-12-2021 19:14:01,427,18
22-12-2021 19:29:01,432,19
22-12-2021 19:44:01,470,20
22-12-2021 19:59:01,491,20
22-12-2021 20:14:01,481,20
22-12-2021 20:29:02,483,19
22-12-2021 20:44:02,520,19
22-12-2021 20:59:02,576,19
22-12-2021 21:14:02,573,19
22-12-2021 21:29:02,585,18
22-12-2021 21:44:02,568,18
22-12-2021 21:59:02,536,18
22-12-2021 22:14:02,603,18
22-12-2021 22:29:02,480,18
22-12-2021 22:44:02,463,19
22-12-2021 22:59:03,491,19
22-12-2021 23:14:03,517,18
22-12-2021 23:29:03,536,18
22-12-2021 23:44:03,517,18
22-12-2021 23:59:03,532,18
23-12-2021 00:14:03,527,18
23-12-2021 00:29:03,520,18
23-12-2021 00:44:03,521,18
23-12-2021 00:59:03,510,17
23-12-2021 01:14:04,494,17
23-12-2021 01:29:04,476,17
23-12-2021 01:44:04,468,17
23-12-2021 01:59:04,443,17
23-12-2021 02:14:04,437,17
23-12-2021 02:29:04,418,17
23-12-2021 02:44:04,408,17
23-12-2021 02:59:04,407,17
23-12-2021 03:14:04,404,17
23-12-2021 03:29:04,400,17
23-12-2021 03:44:04,404,16
23-12-2021 03:59:05,405,16
23-12-2021 04:14:05,403,16
23-12-2021 04:29:05,400,16
23-12-2021 04:44:05,402,16
23-12-2021 04:59:05,401,16
23-12-2021 05:14:05,402,16
23-12-2021 05:29:05,404,16
23-12-2021 05:44:05,402,16
23-12-2021 05:59:05,402,16
23-12-2021 06:14:06,400,16
23-12-2021 06:29:06,400,16
23-12-2021 06:44:06,404,16
23-12-2021 06:59:06,401,17
23-12-2021 07:14:06,404,19
23-12-2021 07:29:06,403,20
23-12-2021 07:44:06,400,21
23-12-2021 07:59:06,400,21
23-12-2021 08:14:06,401,20
23-12-2021 08:29:06,402,19
23-12-2021 08:44:07,404,19
23-12-2021 08:59:07,400,19
23-12-2021 09:14:07,403,18
23-12-2021 09:29:07,402,18
23-12-2021 09:44:07,402,18
23-12-2021 09:59:07,404,17
23-12-2021 10:14:07,400,17
23-12-2021 10:29:07,402,17
23-12-2021 10:44:07,400,17
23-12-2021 10:59:07,404,17
23-12-2021 11:14:07,402,17
23-12-2021 11:29:08,400,16
23-12-2021 11:44:08,403,16
23-12-2021 11:59:08,402,16
23-12-2021 12:14:08,401,16
23-12-2021 12:29:08,400,18
23-12-2021 12:44:08,404,19
23-12-2021 12:59:08,403,20
23-12-2021 13:14:08,402,20
23-12-2021 13:29:08,404,19
23-12-2021 13:44:08,401,19
23-12-2021 13:59:09,400,19
23-12-2021 14:14:09,404,18
23-12-2021 14:29:09,402,18
23-12-2021 14:44:09,401,18
23-12-2021 14:59:09,400,19
23-12-2021 15:14:09,401,20
23-12-2021 15:29:09,404,19
23-12-2021 15:44:09,402,19
23-12-2021 15:59:10,400,18
23-12-2021 16:14:10,403,18
23-12-2021 16:29:10,402,18
23-12-2021 16:44:10,400,18
23-12-2021 16:59:10,403,19
23-12-2021 17:14:10,400,20
23-12-2021 17:29:10,403,21
23-12-2021 17:44:10,400,21
23-12-2021 17:59:10,401,20
23-12-2021 18:14:11,409,19
23-12-2021 18:29:11,469,19
23-12-2021 18:44:11,494,19
23-12-2021 18:59:11,488,19
23-12-2021 19:14:11,518,20
23-12-2021 19:29:11,402,20
23-12-2021 19:44:11,403,20
23-12-2021 19:59:11,426,20
23-12-2021 20:14:11,494,19
23-12-2021 20:29:11,554,19
23-12-2021 20:44:11,645,19
23-12-2021 20:59:12,664,19
23-12-2021 21:14:12,705,19
23-12-2021 21:29:12,764,18
23-12-2021 21:44:12,807,18
23-12-2021 21:59:12,470,19
23-12-2021 22:14:12,400,18
23-12-2021 22:29:12,404,18
23-12-2021 22:44:12,403,17
23-12-2021 22:59:13,402,17
23-12-2021 23:14:13,403,16
23-12-2021 23:29:13,400,17
23-12-2021 23:44:13,400,18
23-12-2021 23:59:13,404,18
24-12-2021 00:14:13,401,18
24-12-2021 00:29:13,401,18
24-12-2021 00:44:13,400,18
24-12-2021 00:59:13,403,18
24-12-2021 01:14:13,408,18
24-12-2021 01:29:14,403,17
24-12-2021 01:44:14,405,17
24-12-2021 01:59:14,401,17
24-12-2021 02:14:14,402,17
24-12-2021 02:29:14,403,17
24-12-2021 02:44:14,400,17
24-12-2021 02:59:14,404,17
24-12-2021 03:14:14,401,17
24-12-2021 03:29:14,401,17
24-12-2021 03:44:14,401,17
24-12-2021 03:59:15,403,17
24-12-2021 04:14:15,403,17
24-12-2021 04:29:15,403,17
24-12-2021 04:44:15,401,17
24-12-2021 04:59:15,400,17
24-12-2021 05:14:15,404,17
24-12-2021 05:29:15,403,17
24-12-2021 05:44:15,402,17
24-12-2021 05:59:15,401,17
24-12-2021 06:14:15,402,17
24-12-2021 06:29:15,402,17
24-12-2021 06:44:16,401,17
24-12-2021 06:59:16,402,18
24-12-2021 07:14:16,401,19
24-12-2021 07:29:16,402,20
24-12-2021 07:44:16,400,21
24-12-2021 07:59:16,402,21
24-12-2021 08:14:16,402,17
24-12-2021 08:29:16,403,17
24-12-2021 08:44:16,403,17
24-12-2021 08:59:16,402,17
24-12-2021 09:14:16,403,19
24-12-2021 09:29:17,404,20
24-12-2021 09:44:17,403,20
24-12-2021 09:59:17,402,21
24-12-2021 10:14:17,400,20
24-12-2021 10:29:17,403,20
24-12-2021 10:44:17,402,20
24-12-2021 10:59:17,401,20
24-12-2021 11:14:17,404,20
24-12-2021 11:29:17,403,20
24-12-2021 11:44:17,400,20
24-12-2021 11:59:17,401,20
24-12-2021 12:14:18,400,20
24-12-2021 12:29:18,400,20
24-12-2021 12:44:18,400,20
24-12-2021 12:59:18,400,20
24-12-2021 13:14:18,401,20
24-12-2021 13:29:18,402,20
24-12-2021 13:44:18,402,20
24-12-2021 13:59:18,403,20
24-12-2021 14:14:18,403,20
24-12-2021 14:29:18,402,19
24-12-2021 14:44:18,402,20
24-12-2021 14:59:19,404,20
24-12-2021 15:14:19,401,20
24-12-2021 15:29:19,404,20
24-12-2021 15:44:19,403,20
24-12-2021 15:59:19,406,20
24-12-2021 16:14:19,403,19
24-12-2021 16:29:19,402,19
24-12-2021 16:44:19,401,19
24-12-2021 16:59:19,404,19
24-12-2021 17:14:19,402,19
24-12-2021 17:29:19,403,19
24-12-2021 17:44:20,400,19
24-12-2021 17:59:20,400,19
24-12-2021 18:14:20,402,19
24-12-2021 18:29:20,409,19
24-12-2021 18:44:20,452,19
24-12-2021 18:59:20,475,19
24-12-2021 19:14:20,517,19
24-12-2021 19:29:20,479,19
24-12-2021 19:44:21,481,19
24-12-2021 19:59:21,506,19
24-12-2021 20:14:21,524,19
24-12-2021 20:29:21,544,19
24-12-2021 20:44:21,590,20
24-12-2021 20:59:21,540,19
24-12-2021 21:14:21,528,19
24-12-2021 21:29:21,442,19
24-12-2021 21:44:21,470,19
24-12-2021 21:59:22,467,19
24-12-2021 22:14:22,451,19
24-12-2021 22:29:22,448,19
24-12-2021 22:44:22,449,19
24-12-2021 22:59:22,442,19
24-12-2021 23:14:22,402,18
24-12-2021 23:29:22,421,19
24-12-2021 23:44:22,443,19
24-12-2021 23:59:22,477,19
25-12-2021 00:14:22,535,19
25-12-2021 00:29:23,540,19
25-12-2021 00:44:23,517,19
25-12-2021 00:59:23,506,19
25-12-2021 01:14:23,507,19
25-12-2021 01:29:23,488,19
25-12-2021 01:44:23,478,19
25-12-2021 01:59:23,462,19
25-12-2021 02:14:23,446,19
25-12-2021 02:29:23,437,19
25-12-2021 02:44:23,427,19
25-12-2021 02:59:24,413,19
25-12-2021 03:14:24,414,18
25-12-2021 03:29:24,408,18
25-12-2021 03:44:24,407,18
25-12-2021 03:59:24,406,18
25-12-2021 04:14:24,404,18
25-12-2021 04:29:24,404,18
25-12-2021 04:44:24,402,18
25-12-2021 04:59:25,400,18
25-12-2021 05:14:25,402,18
25-12-2021 05:29:25,401,18
25-12-2021 05:44:25,404,18
25-12-2021 05:59:25,402,18
25-12-2021 06:14:25,404,18
25-12-2021 06:29:25,402,18
25-12-2021 06:44:25,404,18
25-12-2021 06:59:25,402,18
25-12-2021 07:14:25,403,18
25-12-2021 07:29:25,402,18
25-12-2021 07:44:26,404,18
25-12-2021 07:59:26,402,18
25-12-2021 08:14:26,404,18
25-12-2021 08:29:26,402,18
25-12-2021 08:44:26,402,18
25-12-2021 08:59:26,403,18
25-12-2021 09:14:26,403,18
25-12-2021 09:29:26,401,17
25-12-2021 09:44:26,400,17
25-12-2021 09:59:26,403,20
25-12-2021 10:14:26,401,21
25-12-2021 10:29:26,400,20
25-12-2021 10:44:27,400,20
25-12-2021 10:59:27,410,19
25-12-2021 11:14:27,501,19
25-12-2021 11:29:27,506,19
25-12-2021 11:44:27,474,19
25-12-2021 11:59:27,451,18
25-12-2021 12:14:27,444,19
25-12-2021 12:29:27,435,20
25-12-2021 12:44:27,436,20
25-12-2021 12:59:27,425,20
25-12-2021 13:14:27,401,19
25-12-2021 13:29:28,401,19
25-12-2021 13:44:28,402,19
25-12-2021 13:59:28,404,19
25-12-2021 14:14:28,402,19
25-12-2021 14:29:28,404,19
25-12-2021 14:44:28,401,19
25-12-2021 14:59:28,401,19
25-12-2021 15:14:28,402,19
25-12-2021 15:29:28,401,19
25-12-2021 15:44:29,403,19
25-12-2021 15:59:29,403,19
25-12-2021 16:14:29,402,19
25-12-2021 16:29:29,400,19
25-12-2021 16:44:29,402,19
25-12-2021 16:59:29,400,19
25-12-2021 17:14:29,400,19
25-12-2021 17:29:29,402,19
25-12-2021 17:44:29,401,19
25-12-2021 17:59:30,402,19
25-12-2021 18:14:30,404,19
25-12-2021 18:29:30,401,19
25-12-2021 18:44:30,403,19
25-12-2021 18:59:30,402,19
25-12-2021 19:14:30,401,19
25-12-2021 19:29:30,404,19
25-12-2021 19:44:30,403,19
25-12-2021 19:59:30,404,19
25-12-2021 20:14:30,400,19
25-12-2021 20:29:30,402,19
25-12-2021 20:44:30,403,19
25-12-2021 20:59:31,404,18
25-12-2021 21:14:31,404,18
25-12-2021 21:29:31,400,19
25-12-2021 21:44:31,441,19
25-12-2021 21:59:31,545,19
25-12-2021 22:14:31,658,19
25-12-2021 22:29:31,764,19
25-12-2021 22:44:31,800,19
25-12-2021 22:59:31,781,19
25-12-2021 23:14:32,766,19
25-12-2021 23:29:32,734,19
25-12-2021 23:44:32,697,19
25-12-2021 23:59:32,678,19
26-12-2021 00:14:32,649,19
26-12-2021 00:29:32,631,18
26-12-2021 00:44:32,609,18
26-12-2021 00:59:32,589,18
26-12-2021 01:14:32,574,18
26-12-2021 01:29:32,562,18
26-12-2021 01:44:33,540,18
26-12-2021 01:59:33,513,18
26-12-2021 02:14:33,507,18
26-12-2021 02:29:33,492,18
26-12-2021 02:44:33,475,18
26-12-2021 02:59:33,457,18
26-12-2021 03:14:33,438,18
26-12-2021 03:29:33,417,18
26-12-2021 03:44:34,409,18
26-12-2021 03:59:34,405,18
26-12-2021 04:14:34,402,18
26-12-2021 04:29:34,403,18
26-12-2021 04:44:34,403,18
26-12-2021 04:59:34,404,18
26-12-2021 05:14:34,400,18
26-12-2021 05:29:34,402,18
26-12-2021 05:44:34,404,18
26-12-2021 05:59:35,400,18
26-12-2021 06:14:35,402,18
26-12-2021 06:29:35,402,18
26-12-2021 06:44:35,403,18
26-12-2021 06:59:35,400,18
26-12-2021 07:14:35,401,18
26-12-2021 07:29:35,401,17
26-12-2021 07:44:35,402,17
26-12-2021 07:59:35,406,17
26-12-2021 08:14:35,404,18
26-12-2021 08:29:35,401,17
26-12-2021 08:44:35,401,17
26-12-2021 08:59:35,402,17
26-12-2021 09:14:36,400,17
26-12-2021 09:29:36,400,17
26-12-2021 09:44:36,403,17
26-12-2021 09:59:36,404,17
26-12-2021 10:14:36,402,18
26-12-2021 10:29:36,402,20
26-12-2021 10:44:36,401,21
26-12-2021 10:59:36,404,20
26-12-2021 11:14:36,401,20
26-12-2021 11:29:36,402,19
26-12-2021 11:44:36,401,19
26-12-2021 11:59:37,448,19
26-12-2021 12:14:37,494,19
26-12-2021 12:29:37,550,19
26-12-2021 12:44:37,613,19
26-12-2021 12:59:37,688,18
26-12-2021 13:14:37,734,18
26-12-2021 13:29:37,773,18
26-12-2021 13:44:37,841,18
26-12-2021 13:59:37,914,18
26-12-2021 14:14:37,1014,18
26-12-2021 14:29:37,1085,18
26-12-2021 14:44:37,1184,18
26-12-2021 14:59:37,1288,18
26-12-2021 15:14:37,1203,18
26-12-2021 15:29:37,1186,18
26-12-2021 15:44:38,1176,18
26-12-2021 15:59:38,1115,18
26-12-2021 16:14:38,936,21
26-12-2021 16:29:38,877,22
26-12-2021 16:44:38,879,22
26-12-2021 16:59:38,886,21
26-12-2021 17:14:38,789,20
26-12-2021 17:29:38,754,20
26-12-2021 17:44:38,768,20
26-12-2021 17:59:38,795,19
26-12-2021 18:14:38,652,19
26-12-2021 18:29:39,669,19
26-12-2021 18:44:39,672,19
26-12-2021 18:59:39,651,22
26-12-2021 19:14:39,689,22
26-12-2021 19:29:39,674,21
26-12-2021 19:44:39,675,21
26-12-2021 19:59:39,735,20
26-12-2021 20:14:39,757,20
26-12-2021 20:29:39,768,20
26-12-2021 20:44:39,785,19
26-12-2021 20:59:39,793,19
26-12-2021 21:14:39,805,19
26-12-2021 21:29:39,811,19
26-12-2021 21:44:39,834,19
26-12-2021 21:59:40,860,19
26-12-2021 22:14:40,855,19
26-12-2021 22:29:40,841,21
26-12-2021 22:44:40,702,22
26-12-2021 22:59:40,643,21
26-12-2021 23:14:40,645,21
26-12-2021 23:29:40,635,20
26-12-2021 23:44:40,639,20
26-12-2021 23:59:40,627,20
27-12-2021 00:14:40,623,19
27-12-2021 00:29:40,610,19
27-12-2021 00:44:40,596,19
27-12-2021 00:59:40,585,19
27-12-2021 01:14:41,561,19
27-12-2021 01:29:41,543,19
27-12-2021 01:44:41,569,19
27-12-2021 01:59:41,555,19
27-12-2021 02:14:41,540,18
27-12-2021 02:29:41,520,18
27-12-2021 02:44:41,520,18
27-12-2021 02:59:41,502,18
27-12-2021 03:14:41,498,18
27-12-2021 03:29:41,471,18
27-12-2021 03:44:42,474,18
27-12-2021 03:59:42,456,18
27-12-2021 04:14:42,440,18
27-12-2021 04:29:42,426,18
27-12-2021 04:44:42,426,18
27-12-2021 04:59:42,410,18
27-12-2021 05:14:42,409,18
27-12-2021 05:29:42,405,18
27-12-2021 05:44:42,404,18
27-12-2021 05:59:42,404,18
27-12-2021 06:14:42,402,18
27-12-2021 06:29:43,404,18
27-12-2021 06:44:43,401,18
27-12-2021 06:59:43,400,19
27-12-2021 07:14:43,400,21
27-12-2021 07:29:43,404,21
27-12-2021 07:44:43,401,20
27-12-2021 07:59:43,400,20
27-12-2021 08:14:43,403,20
27-12-2021 08:29:43,403,19
27-12-2021 08:44:44,404,19
27-12-2021 08:59:44,403,19
27-12-2021 09:14:44,404,19
27-12-2021 09:29:44,401,19
27-12-2021 09:44:44,400,19
27-12-2021 09:59:44,404,18
27-12-2021 10:14:44,402,19
27-12-2021 10:29:44,403,20
27-12-2021 10:44:44,434,21
27-12-2021 10:59:44,487,21
27-12-2021 11:14:45,538,20
27-12-2021 11:29:45,567,20
27-12-2021 11:44:45,611,20
27-12-2021 11:59:45,705,19
27-12-2021 12:14:45,763,19
27-12-2021 12:29:45,781,19
27-12-2021 12:44:45,812,19
27-12-2021 12:59:45,864,19
27-12-2021 13:14:45,861,19
27-12-2021 13:29:45,971,19
27-12-2021 13:44:46,1024,19
27-12-2021 13:59:46,1148,19
27-12-2021 14:14:46,1263,19
27-12-2021 14:29:46,1280,19
27-12-2021 14:44:46,1270,19
27-12-2021 14:59:46,1302,18
27-12-2021 15:14:46,1324,19
27-12-2021 15:29:46,1232,19
27-12-2021 15:44:46,1218,18
27-12-2021 15:59:46,1247,18
27-12-2021 16:14:47,1277,18
27-12-2021 16:29:47,1312,18
27-12-2021 16:44:47,1311,18
27-12-2021 16:59:47,1345,18
27-12-2021 17:14:47,1291,18
27-12-2021 17:29:47,1318,18
27-12-2021 17:44:47,1316,18
27-12-2021 17:59:47,1396,18
27-12-2021 18:14:47,1474,18
27-12-2021 18:29:47,1509,18
27-12-2021 18:44:47,1612,19
27-12-2021 18:59:48,1718,18
27-12-2021 19:14:48,1569,18
27-12-2021 19:29:48,1372,18
27-12-2021 19:44:48,1285,18
27-12-2021 19:59:48,1260,18
27-12-2021 20:14:48,1240,18
27-12-2021 20:29:48,1042,18
27-12-2021 20:44:48,1042,18
27-12-2021 20:59:48,1132,18
27-12-2021 21:14:48,1191,18
27-12-2021 21:29:48,1255,18
27-12-2021 21:44:48,1307,18
27-12-2021 21:59:49,1373,18
27-12-2021 22:14:49,1464,18
27-12-2021 22:29:49,1510,18
27-12-2021 22:44:49,1545,18
27-12-2021 22:59:49,1580,18
27-12-2021 23:14:49,1535,18
27-12-2021 23:29:49,1493,18
27-12-2021 23:44:49,1464,18
27-12-2021 23:59:49,1456,18
28-12-2021 00:14:49,1453,18
28-12-2021 00:29:49,1415,18
28-12-2021 00:44:49,1417,18
28-12-2021 00:59:50,1368,17
28-12-2021 01:14:50,1355,17
28-12-2021 01:29:50,1328,17
28-12-2021 01:44:50,1302,17
28-12-2021 01:59:50,1278,17
28-12-2021 02:14:50,1236,17
28-12-2021 02:29:50,1195,17
28-12-2021 02:44:50,1153,17
28-12-2021 02:59:50,1100,17
28-12-2021 03:14:50,1091,17
28-12-2021 03:29:51,1061,17
28-12-2021 03:44:51,1030,17
28-12-2021 03:59:51,1041,17
28-12-2021 04:14:51,982,17
28-12-2021 04:29:51,973,17
28-12-2021 04:44:51,951,17
28-12-2021 04:59:51,896,17
28-12-2021 05:14:51,886,17
28-12-2021 05:29:52,871,17
28-12-2021 05:44:52,858,17
28-12-2021 05:59:52,850,17
28-12-2021 06:14:52,829,17
28-12-2021 06:29:52,829,17
28-12-2021 06:44:52,812,17
28-12-2021 06:59:52,795,18
28-12-2021 07:14:52,769,20
28-12-2021 07:29:52,779,21
28-12-2021 07:44:52,715,21
28-12-2021 07:59:52,701,20
28-12-2021 08:14:52,667,20
28-12-2021 08:29:53,639,19
28-12-2021 08:44:53,632,19
28-12-2021 08:59:53,618,19
28-12-2021 09:14:53,649,18
28-12-2021 09:29:53,673,18
28-12-2021 09:44:53,687,18
28-12-2021 09:59:53,661,18
28-12-2021 10:14:53,637,18
28-12-2021 10:29:53,615,18
28-12-2021 10:44:53,593,18
28-12-2021 10:59:54,597,18
28-12-2021 11:14:54,596,18
28-12-2021 11:29:54,628,18
28-12-2021 11:44:54,683,17
28-12-2021 11:59:54,754,18
28-12-2021 12:14:54,800,18
28-12-2021 12:29:54,810,18
28-12-2021 12:44:54,840,18
28-12-2021 12:59:54,826,18
28-12-2021 13:14:54,863,18
28-12-2021 13:29:55,866,18
28-12-2021 13:44:55,819,18
28-12-2021 13:59:55,809,18
28-12-2021 14:14:55,818,19
28-12-2021 14:29:55,588,21
28-12-2021 14:44:55,601,21
28-12-2021 14:59:55,624,20
28-12-2021 15:14:55,612,20
28-12-2021 15:29:56,620,20
28-12-2021 15:44:56,598,19
28-12-2021 15:59:56,605,19
28-12-2021 16:14:56,610,19
28-12-2021 16:29:56,653,19
28-12-2021 16:44:56,427,21
28-12-2021 16:59:56,492,21
28-12-2021 17:14:56,496,21
28-12-2021 17:29:56,501,20
28-12-2021 17:44:56,433,20
28-12-2021 17:59:57,402,20
28-12-2021 18:14:57,403,19
28-12-2021 18:29:57,400,19
28-12-2021 18:44:57,400,19
28-12-2021 18:59:57,405,19
28-12-2021 19:14:57,452,19
28-12-2021 19:29:57,479,19
28-12-2021 19:44:57,463,19
28-12-2021 19:59:57,533,19
28-12-2021 20:14:57,570,19
28-12-2021 20:29:57,630,19
28-12-2021 20:44:58,700,19
28-12-2021 20:59:58,743,18
28-12-2021 21:14:58,780,18
28-12-2021 21:29:58,803,18
28-12-2021 21:44:58,804,18
28-12-2021 21:59:58,834,18
28-12-2021 22:14:58,846,18
28-12-2021 22:29:58,868,18
28-12-2021 22:44:58,877,18
28-12-2021 22:59:59,891,18
28-12-2021 23:14:59,766,18
28-12-2021 23:29:59,720,18
28-12-2021 23:44:59,724,18
28-12-2021 23:59:59,738,18
29-12-2021 00:14:59,732,18
29-12-2021 00:29:59,734,18
29-12-2021 00:44:59,728,18
29-12-2021 00:59:59,726,18
29-12-2021 01:14:59,702,18
29-12-2021 01:30:00,678,18
29-12-2021 01:45:00,655,18
29-12-2021 02:00:00,647,17
29-12-2021 02:15:00,627,17
29-12-2021 02:30:00,608,17
29-12-2021 02:45:00,609,17
29-12-2021 03:00:00,591,17
29-12-2021 03:15:00,581,17
29-12-2021 03:30:00,566,17
29-12-2021 03:45:00,566,17
29-12-2021 04:00:00,540,17
29-12-2021 04:15:00,536,17
29-12-2021 04:30:00,524,17
29-12-2021 04:45:01,522,17
29-12-2021 05:00:01,508,17
29-12-2021 05:15:01,507,17
29-12-2021 05:30:01,480,17
29-12-2021 05:45:01,480,17
29-12-2021 06:00:01,464,17
29-12-2021 06:15:01,463,17
29-12-2021 06:30:01,436,17
29-12-2021 06:45:01,440,17
29-12-2021 07:00:02,418,18
29-12-2021 07:15:02,418,20
29-12-2021 07:30:02,416,21
29-12-2021 07:45:02,403,21
29-12-2021 08:00:02,402,20
29-12-2021 08:15:02,402,20
29-12-2021 08:30:02,403,19
29-12-2021 08:45:02,404,19
29-12-2021 09:00:02,406,19
29-12-2021 09:15:03,454,19
29-12-2021 09:30:03,541,19
29-12-2021 09:45:03,551,18
29-12-2021 10:00:03,567,18
29-12-2021 10:15:03,573,18
29-12-2021 10:30:03,549,20
29-12-2021 10:45:03,530,21
29-12-2021 11:00:03,501,21
29-12-2021 11:15:03,465,20
29-12-2021 11:30:03,466,20
29-12-2021 11:45:04,481,19
29-12-2021 12:00:04,497,19
29-12-2021 12:15:04,555,19
29-12-2021 12:30:04,532,19
29-12-2021 12:45:04,519,19
29-12-2021 13:00:04,551,19
29-12-2021 13:15:04,510,20
29-12-2021 13:30:04,533,21
29-12-2021 13:45:04,513,20
29-12-2021 14:00:04,529,20
29-12-2021 14:15:04,532,20
29-12-2021 14:30:04,576,19
29-12-2021 14:45:05,554,19
29-12-2021 15:00:05,638,19
29-12-2021 15:15:05,697,19
29-12-2021 15:30:05,676,19
29-12-2021 15:45:05,720,19
29-12-2021 16:00:05,728,19
29-12-2021 16:15:05,745,19
29-12-2021 16:30:05,744,19
29-12-2021 16:45:05,786,18
29-12-2021 17:00:05,764,19
29-12-2021 17:15:06,793,19
29-12-2021 17:30:06,834,19
29-12-2021 17:45:06,845,18
29-12-2021 18:00:06,940,18
29-12-2021 18:15:06,1024,18
29-12-2021 18:30:06,1022,18
29-12-2021 18:45:06,996,18
29-12-2021 19:00:06,1005,18
29-12-2021 19:15:07,971,18
29-12-2021 19:30:07,1015,18
29-12-2021 19:45:07,1052,18
29-12-2021 20:00:07,1062,18
29-12-2021 20:15:07,1080,18
29-12-2021 20:30:07,1070,18
29-12-2021 20:45:07,1077,19
29-12-2021 21:00:07,1099,21
29-12-2021 21:15:07,1092,21
29-12-2021 21:30:07,1097,20
29-12-2021 21:45:08,1101,20
29-12-2021 22:00:08,1121,20
29-12-2021 22:15:08,1127,20
29-12-2021 22:30:08,1167,19
29-12-2021 22:45:08,1226,19
29-12-2021 23:00:08,1309,19
29-12-2021 23:15:08,891,19
29-12-2021 23:30:08,981,19
29-12-2021 23:45:09,987,19
30-12-2021 00:00:09,999,19
30-12-2021 00:15:09,1003,19
30-12-2021 00:30:09,996,19
30-12-2021 00:45:09,966,19
30-12-2021 01:00:09,966,19
30-12-2021 01:15:09,922,18
30-12-2021 01:30:09,884,18
30-12-2021 01:45:09,877,18
30-12-2021 02:00:09,857,18
30-12-2021 02:15:09,859,18
30-12-2021 02:30:09,848,18
30-12-2021 02:45:09,835,18
30-12-2021 03:00:10,822,18
30-12-2021 03:15:10,809,18
30-12-2021 03:30:10,793,18
30-12-2021 03:45:10,799,18
30-12-2021 04:00:10,781,18
30-12-2021 04:15:10,773,18
30-12-2021 04:30:10,761,18
30-12-2021 04:45:10,750,18
30-12-2021 05:00:10,732,18
30-12-2021 05:15:10,715,18
30-12-2021 05:30:11,722,18
30-12-2021 05:45:11,695,18
30-12-2021 06:00:11,687,18
30-12-2021 06:15:11,664,18
30-12-2021 06:30:11,669,18
30-12-2021 06:45:11,640,18
30-12-2021 07:00:11,643,19
30-12-2021 07:15:11,621,20
30-12-2021 07:30:11,622,21
30-12-2021 07:45:11,598,21
30-12-2021 08:00:11,596,20
30-12-2021 08:15:11,577,20
30-12-2021 08:30:12,614,19
30-12-2021 08:45:12,595,19
30-12-2021 09:00:12,565,19
30-12-2021 09:15:12,561,19
30-12-2021 09:30:12,589,19
30-12-2021 09:45:12,593,19
30-12-2021 10:00:12,613,18
30-12-2021 10:15:12,609,18
30-12-2021 10:30:12,630,18
30-12-2021 10:45:13,623,18
30-12-2021 11:00:13,634,18
30-12-2021 11:15:13,532,18
30-12-2021 11:30:13,493,18
30-12-2021 11:45:13,504,18
30-12-2021 12:00:13,522,18
30-12-2021 12:15:13,513,18
30-12-2021 12:30:13,584,18
30-12-2021 12:45:13,590,18
30-12-2021 13:00:13,616,18
30-12-2021 13:15:14,645,18
30-12-2021 13:30:14,404,18
30-12-2021 13:45:14,401,20
30-12-2021 14:00:14,404,21
30-12-2021 14:15:14,402,20
30-12-2021 14:30:14,401,19
30-12-2021 14:45:14,401,19
30-12-2021 15:00:14,401,19
30-12-2021 15:15:14,404,19
30-12-2021 15:30:14,403,19
30-12-2021 15:45:14,404,19
30-12-2021 16:00:14,400,21
30-12-2021 16:15:15,400,21
30-12-2021 16:30:15,403,20
30-12-2021 16:45:15,402,20
30-12-2021 17:00:15,402,19
30-12-2021 17:15:15,404,19
30-12-2021 17:30:15,403,19
30-12-2021 17:45:15,402,19
30-12-2021 18:00:15,402,18
30-12-2021 18:15:15,403,19
30-12-2021 18:30:15,400,19
30-12-2021 18:45:15,403,19
30-12-2021 19:00:16,403,19
30-12-2021 19:15:16,400,19
30-12-2021 19:30:16,400,19
30-12-2021 19:45:16,404,19
30-12-2021 20:00:16,402,19
30-12-2021 20:15:16,401,19
30-12-2021 20:30:16,402,19
30-12-2021 20:45:16,403,19
30-12-2021 21:00:16,403,19
30-12-2021 21:15:16,400,19
30-12-2021 21:30:16,405,19
30-12-2021 21:45:17,447,19
30-12-2021 22:00:17,477,19
30-12-2021 22:15:17,531,19
30-12-2021 22:30:17,516,19
30-12-2021 22:45:17,566,19
30-12-2021 23:00:17,535,19
30-12-2021 23:15:17,524,19
30-12-2021 23:30:17,502,19
30-12-2021 23:45:17,470,19
31-12-2021 00:00:18,473,19
31-12-2021 00:15:18,460,19
31-12-2021 00:30:18,463,19
31-12-2021 00:45:18,444,19
31-12-2021 01:00:18,432,18
31-12-2021 01:15:18,422,18
31-12-2021 01:30:18,419,18
31-12-2021 01:45:18,408,18
31-12-2021 02:00:18,408,18
31-12-2021 02:15:18,404,18
31-12-2021 02:30:19,402,18
31-12-2021 02:45:19,402,18
31-12-2021 03:00:19,404,18
31-12-2021 03:15:19,401,18
31-12-2021 03:30:19,403,18
31-12-2021 03:45:19,400,18
31-12-2021 04:00:19,403,18
31-12-2021 04:15:19,403,18
31-12-2021 04:30:19,401,18
31-12-2021 04:45:19,402,18
31-12-2021 05:00:19,403,18
31-12-2021 05:15:20,403,18
31-12-2021 05:30:20,400,18
31-12-2021 05:45:20,403,18
31-12-2021 06:00:20,404,18
31-12-2021 06:15:20,404,18
31-12-2021 06:30:20,404,18
31-12-2021 06:45:20,404,18
31-12-2021 07:00:20,404,19
31-12-2021 07:15:20,401,21
31-12-2021 07:30:20,401,21
31-12-2021 07:45:21,400,21
31-12-2021 08:00:21,403,20
31-12-2021 08:15:21,403,20
31-12-2021 08:30:21,401,19
31-12-2021 08:45:21,401,19
31-12-2021 09:00:21,400,19
31-12-2021 09:15:21,402,19
31-12-2021 09:30:21,401,19
31-12-2021 09:45:21,400,19
31-12-2021 10:00:21,402,19
31-12-2021 10:15:22,403,19
31-12-2021 10:30:22,401,19
31-12-2021 10:45:22,401,19
31-12-2021 11:00:22,400,19
31-12-2021 11:15:22,403,18
31-12-2021 11:30:22,400,18
31-12-2021 11:45:22,404,18
31-12-2021 12:00:22,409,18
31-12-2021 12:15:22,467,18
31-12-2021 12:30:22,542,19
31-12-2021 12:45:22,594,18
31-12-2021 13:00:22,604,19
31-12-2021 13:15:22,666,19
31-12-2021 13:30:23,740,19
31-12-2021 13:45:23,794,19
31-12-2021 14:00:23,821,19
31-12-2021 14:15:23,403,18
31-12-2021 14:30:23,404,18
31-12-2021 14:45:23,401,19
31-12-2021 15:00:23,402,19
31-12-2021 15:15:23,402,19
31-12-2021 15:30:23,400,19
31-12-2021 15:45:23,401,19
31-12-2021 16:00:23,404,19
31-12-2021 16:15:23,402,19
31-12-2021 16:30:23,404,19
31-12-2021 16:45:24,402,19
31-12-2021 17:00:24,403,19
31-12-2021 17:15:24,400,19
31-12-2021 17:30:24,400,19
31-12-2021 17:45:24,403,19
31-12-2021 18:00:24,404,19
31-12-2021 18:15:24,401,19
31-12-2021 18:30:24,401,19
31-12-2021 18:45:25,401,19
31-12-2021 19:00:25,403,19
31-12-2021 19:15:25,403,19
31-12-2021 19:30:25,401,20
31-12-2021 19:45:25,402,22
31-12-2021 20:00:25,403,22
31-12-2021 20:15:25,402,21
31-12-2021 20:30:25,404,21
31-12-2021 20:45:25,400,20
31-12-2021 21:00:25,400,20
31-12-2021 21:15:26,403,20
31-12-2021 21:30:26,401,20
31-12-2021 21:45:26,403,20
31-12-2021 22:00:26,402,20
31-12-2021 22:15:26,400,20
31-12-2021 22:30:26,403,20
31-12-2021 22:45:26,401,19
31-12-2021 23:00:26,400,19
31-12-2021 23:15:26,403,19
31-12-2021 23:30:26,404,19
31-12-2021 23:45:27,403,19
01-01-2022 00:00:27,401,19
01-01-2022 00:15:27,404,19
01-01-2022 00:30:27,404,19
01-01-2022 00:45:27,402,19
01-01-2022 01:00:27,404,19
01-01-2022 01:15:27,401,19
01-01-2022 01:30:27,401,19
01-01-2022 01:45:27,401,19
01-01-2022 02:00:27,403,19
01-01-2022 02:15:28,402,19
01-01-2022 02:30:28,402,19
01-01-2022 02:45:28,401,19
01-01-2022 03:00:28,401,19
01-01-2022 03:15:28,400,19
01-01-2022 03:30:28,404,19
01-01-2022 03:45:28,403,19
01-01-2022 04:00:28,404,19
01-01-2022 04:15:28,401,19
01-01-2022 04:30:29,404,19
01-01-2022 04:45:29,402,19
01-01-2022 05:00:29,403,19
01-01-2022 05:15:29,401,19
01-01-2022 05:30:29,404,19
01-01-2022 05:45:29,402,19
01-01-2022 06:00:29,402,19
01-01-2022 06:15:29,403,19
01-01-2022 06:30:29,402,19
01-01-2022 06:45:29,403,19
01-01-2022 07:00:29,403,19
01-01-2022 07:15:30,402,19
01-01-2022 07:30:30,400,19
01-01-2022 07:45:30,404,19
01-01-2022 08:00:30,403,18
01-01-2022 08:15:30,401,18
01-01-2022 08:30:30,403,18
01-01-2022 08:45:30,401,18
01-01-2022 09:00:30,402,18
01-01-2022 09:15:30,400,18
01-01-2022 09:30:30,403,20
01-01-2022 09:45:31,400,21
01-01-2022 10:00:31,402,21
01-01-2022 10:15:31,400,20
01-01-2022 10:30:31,404,20
01-01-2022 10:45:31,401,19
01-01-2022 11:00:31,402,19
01-01-2022 11:15:31,404,19
01-01-2022 11:30:31,402,18
01-01-2022 11:45:31,401,18
01-01-2022 12:00:31,403,18
01-01-2022 12:15:31,404,19
01-01-2022 12:30:32,404,19
01-01-2022 12:45:32,400,19
01-01-2022 13:00:32,404,19
01-01-2022 13:15:32,403,19
01-01-2022 13:30:32,400,19
01-01-2022 13:45:32,402,19
01-01-2022 14:00:32,400,19
01-01-2022 14:15:32,403,19
01-01-2022 14:30:32,404,19
01-01-2022 14:45:32,400,19
01-01-2022 15:00:32,400,19
01-01-2022 15:15:33,404,19
01-01-2022 15:30:33,401,19
01-01-2022 15:45:33,400,19
01-01-2022 16:00:33,403,19
01-01-2022 16:15:33,400,19
01-01-2022 16:30:33,403,19
01-01-2022 16:45:33,401,19
01-01-2022 17:00:33,400,19
01-01-2022 17:15:33,402,19
01-01-2022 17:30:34,402,19
01-01-2022 17:45:34,402,19
01-01-2022 18:00:34,402,19
01-01-2022 18:15:34,403,21
01-01-2022 18:30:34,402,23
01-01-2022 18:45:34,404,22
01-01-2022 19:00:34,402,21
01-01-2022 19:15:34,403,21
01-01-2022 19:30:34,402,20
01-01-2022 19:45:34,403,20
01-01-2022 20:00:34,403,20
01-01-2022 20:15:35,404,20
01-01-2022 20:30:35,402,21
01-01-2022 20:45:35,404,22
01-01-2022 21:00:35,401,22
01-01-2022 21:15:35,403,21
01-01-2022 21:30:35,402,20
01-01-2022 21:45:35,401,20
01-01-2022 22:00:35,400,20
01-01-2022 22:15:35,400,20
01-01-2022 22:30:35,402,20
01-01-2022 22:45:35,403,20
01-01-2022 23:00:36,404,20
01-01-2022 23:15:36,401,19
01-01-2022 23:30:36,402,19
01-01-2022 23:45:36,401,19
02-01-2022 00:00:36,404,19
02-01-2022 00:15:36,404,20
02-01-2022 00:30:36,403,19
02-01-2022 00:45:36,403,20
02-01-2022 01:00:37,402,19
02-01-2022 01:15:37,404,19
02-01-2022 01:30:37,401,19
02-01-2022 01:45:37,400,19
02-01-2022 02:00:37,403,19
02-01-2022 02:15:37,403,19
02-01-2022 02:30:37,404,19
02-01-2022 02:45:37,403,19
02-01-2022 03:00:37,400,19
02-01-2022 03:15:37,402,19
02-01-2022 03:30:38,400,19
02-01-2022 03:45:38,402,19
02-01-2022 04:00:38,402,19
02-01-2022 04:15:38,401,19
02-01-2022 04:30:38,402,19
02-01-2022 04:45:38,401,19
02-01-2022 05:00:38,403,19
02-01-2022 05:15:38,404,19
02-01-2022 05:30:38,404,19
02-01-2022 05:45:38,403,19
02-01-2022 06:00:38,404,19
02-01-2022 06:15:39,403,19
02-01-2022 06:30:39,400,19
02-01-2022 06:45:39,404,19
02-01-2022 07:00:39,400,19
02-01-2022 07:15:39,404,19
02-01-2022 07:30:39,401,19
02-01-2022 07:45:39,402,19
02-01-2022 08:00:39,400,19
02-01-2022 08:15:39,402,19
02-01-2022 08:30:40,400,19
02-01-2022 08:45:40,401,19
02-01-2022 09:00:40,403,18
02-01-2022 09:15:40,400,19
02-01-2022 09:30:40,403,19
02-01-2022 09:45:40,401,19
02-01-2022 10:00:40,402,19
02-01-2022 10:15:40,400,19
02-01-2022 10:30:40,403,18
02-01-2022 10:45:41,402,18
02-01-2022 11:00:41,403,18
02-01-2022 11:15:41,400,20
02-01-2022 11:30:41,402,22
02-01-2022 11:45:41,401,21
02-01-2022 12:00:41,401,21
02-01-2022 12:15:41,403,20
02-01-2022 12:30:41,403,20
02-01-2022 12:45:42,401,20
02-01-2022 13:00:42,403,20
02-01-2022 13:15:42,402,20
02-01-2022 13:30:42,401,20
02-01-2022 13:45:42,402,20
02-01-2022 14:00:42,404,19
02-01-2022 14:15:42,403,19
02-01-2022 14:30:42,403,19
02-01-2022 14:45:42,401,19
02-01-2022 15:00:42,402,19
02-01-2022 15:15:43,401,19
02-01-2022 15:30:43,403,19
02-01-2022 15:45:43,401,19
02-01-2022 16:00:43,403,19
02-01-2022 16:15:43,401,19
02-01-2022 16:30:43,402,19
02-01-2022 16:45:43,402,19
02-01-2022 17:00:43,400,19
02-01-2022 17:15:43,404,19
02-01-2022 17:30:43,401,19
02-01-2022 17:45:44,403,19
02-01-2022 18:00:44,401,19
02-01-2022 18:15:44,403,19
02-01-2022 18:30:44,404,19
02-01-2022 18:45:44,400,19
02-01-2022 19:00:44,404,19
02-01-2022 19:15:44,404,19
02-01-2022 19:30:44,403,19
02-01-2022 19:45:44,404,19
02-01-2022 20:00:45,403,19
02-01-2022 20:15:45,401,19
02-01-2022 20:30:45,404,19
02-01-2022 20:45:45,403,19
02-01-2022 21:00:45,403,19
02-01-2022 21:15:45,404,19
02-01-2022 21:30:45,402,19
02-01-2022 21:45:45,402,19
02-01-2022 22:00:46,400,19
02-01-2022 22:15:46,400,19
02-01-2022 22:30:46,403,19
02-01-2022 22:45:46,402,19
02-01-2022 23:00:46,403,18
02-01-2022 23:15:46,404,18
02-01-2022 23:30:46,402,18
02-01-2022 23:45:46,400,18
03-01-2022 00:00:46,400,18
03-01-2022 00:15:46,401,18
03-01-2022 00:30:46,402,18
03-01-2022 00:45:47,403,18
03-01-2022 01:00:47,403,18
03-01-2022 01:15:47,403,18
03-01-2022 01:30:47,400,18
03-01-2022 01:45:47,401,18
03-01-2022 02:00:47,400,18
03-01-2022 02:15:47,402,18
03-01-2022 02:30:47,401,18
03-01-2022 02:45:47,403,18
03-01-2022 03:00:47,402,18
03-01-2022 03:15:47,401,18
03-01-2022 03:30:48,401,18
03-01-2022 03:45:48,403,18
03-01-2022 04:00:48,403,18
03-01-2022 04:15:48,404,18
03-01-2022 04:30:48,402,18
03-01-2022 04:45:48,400,18
03-01-2022 05:00:48,402,18
03-01-2022 05:15:48,402,18
03-01-2022 05:30:48,401,18
03-01-2022 05:45:48,404,18
03-01-2022 06:00:48,400,18
03-01-2022 06:15:48,402,18
03-01-2022 06:30:48,404,18
03-01-2022 06:45:49,402,18
03-01-2022 07:00:49,404,19
03-01-2022 07:15:49,403,21
03-01-2022 07:30:49,401,21
03-01-2022 07:45:49,404,20
03-01-2022 08:00:49,400,20
03-01-2022 08:15:49,402,20
03-01-2022 08:30:49,403,20
03-01-2022 08:45:49,404,19
03-01-2022 09:00:49,401,19
03-01-2022 09:15:49,400,19
03-01-2022 09:30:50,404,18
03-01-2022 09:45:50,401,18
03-01-2022 10:00:50,404,18
03-01-2022 10:15:50,401,18
03-01-2022 10:30:50,403,18
03-01-2022 10:45:50,404,18
03-01-2022 11:00:50,401,18
03-01-2022 11:15:50,404,18
03-01-2022 11:30:50,400,18
03-01-2022 11:45:51,404,18
03-01-2022 12:00:51,401,18
03-01-2022 12:15:51,403,18
03-01-2022 12:30:51,401,18
03-01-2022 12:45:51,400,18
03-01-2022 13:00:51,400,18
03-01-2022 13:15:51,401,20
03-01-2022 13:30:51,401,21
03-01-2022 13:45:51,403,21
03-01-2022 14:00:51,400,20
03-01-2022 14:15:52,402,20
03-01-2022 14:30:52,402,20
03-01-2022 14:45:52,401,19
03-01-2022 15:00:52,402,19
03-01-2022 15:15:52,400,19
03-01-2022 15:30:52,403,19
03-01-2022 15:45:52,403,19
03-01-2022 16:00:52,402,19
03-01-2022 16:15:52,403,19
03-01-2022 16:30:52,404,19
03-01-2022 16:45:52,402,19
03-01-2022 17:00:53,403,19
03-01-2022 17:15:53,402,19
03-01-2022 17:30:53,401,19
03-01-2022 17:45:53,404,19
03-01-2022 18:00:53,403,19
03-01-2022 18:15:53,401,19
03-01-2022 18:30:53,403,19
03-01-2022 18:45:53,401,19
03-01-2022 19:00:53,403,19
03-01-2022 19:15:53,400,19
03-01-2022 19:30:53,401,19
03-01-2022 19:45:54,402,19
03-01-2022 20:00:54,404,19
03-01-2022 20:15:54,403,18
03-01-2022 20:30:54,401,18
03-01-2022 20:45:54,400,18
03-01-2022 21:00:54,403,18
03-01-2022 21:15:54,403,18
03-01-2022 21:30:54,400,18
03-01-2022 21:45:54,404,19
03-01-2022 22:00:54,402,18
03-01-2022 22:15:54,402,18
03-01-2022 22:30:55,401,18
03-01-2022 22:45:55,400,18
03-01-2022 23:00:55,403,18
03-01-2022 23:15:55,400,18
03-01-2022 23:30:55,401,18
03-01-2022 23:45:55,403,18
04-01-2022 00:00:55,401,18
04-01-2022 00:15:55,403,18
04-01-2022 00:30:55,400,18
04-01-2022 00:45:55,402,18
04-01-2022 01:00:55,401,18
04-01-2022 01:15:56,401,18
04-01-2022 01:30:56,404,18
04-01-2022 01:45:56,401,18
04-01-2022 02:00:56,401,18
04-01-2022 02:15:56,400,18
04-01-2022 02:30:56,402,18
04-01-2022 02:45:56,401,18
04-01-2022 03:00:56,403,18
04-01-2022 03:15:56,404,18
04-01-2022 03:30:56,401,17
04-01-2022 03:45:56,402,17
04-01-2022 04:00:57,402,17
04-01-2022 04:15:57,402,17
04-01-2022 04:30:57,403,17
04-01-2022 04:45:57,400,17
04-01-2022 05:00:57,403,17
04-01-2022 05:15:57,403,17
04-01-2022 05:30:57,402,17
04-01-2022 05:45:57,401,17
04-01-2022 06:00:57,403,17
04-01-2022 06:15:58,401,17
04-01-2022 06:30:58,400,17
04-01-2022 06:45:58,400,17
04-01-2022 07:00:58,400,18
04-01-2022 07:15:58,400,20
04-01-2022 07:30:58,403,21
04-01-2022 07:45:58,401,21
04-01-2022 08:00:58,400,20
04-01-2022 08:15:58,403,20
04-01-2022 08:30:58,400,19
04-01-2022 08:45:58,400,19
04-01-2022 09:00:58,402,19
04-01-2022 09:15:59,403,19
04-01-2022 09:30:59,402,19
04-01-2022 09:45:59,404,19
04-01-2022 10:00:59,404,18
04-01-2022 10:15:59,400,18
04-01-2022 10:30:59,404,18
04-01-2022 10:45:59,404,18
04-01-2022 11:00:59,403,18
04-01-2022 11:16:00,403,18
04-01-2022 11:31:00,401,18
04-01-2022 11:46:00,403,18
04-01-2022 12:01:00,400,18
04-01-2022 12:16:00,402,18
04-01-2022 12:31:00,404,19
04-01-2022 12:46:00,402,20
04-01-2022 13:01:00,405,21
04-01-2022 13:16:00,405,21
04-01-2022 13:31:01,420,20
04-01-2022 13:46:01,442,20
04-01-2022 14:01:01,454,20
04-01-2022 14:16:01,465,20
04-01-2022 14:31:01,484,19
04-01-2022 14:46:01,525,19
04-01-2022 15:01:01,570,19
04-01-2022 15:16:01,584,19
04-01-2022 15:31:01,618,19
04-01-2022 15:46:02,665,19
04-01-2022 16:01:02,675,19
04-01-2022 16:16:02,687,19
04-01-2022 16:31:02,697,19
04-01-2022 16:46:02,711,19
04-01-2022 17:01:02,763,19
04-01-2022 17:16:02,770,19
04-01-2022 17:31:02,676,19
04-01-2022 17:46:02,516,19
04-01-2022 18:01:02,572,19
04-01-2022 18:16:02,527,18
04-01-2022 18:31:02,457,19
04-01-2022 18:46:03,409,21
04-01-2022 19:01:03,416,21
04-01-2022 19:16:03,416,20
04-01-2022 19:31:03,454,20
04-01-2022 19:46:03,513,20
04-01-2022 20:01:03,534,20
04-01-2022 20:16:03,421,19
04-01-2022 20:31:03,402,19
04-01-2022 20:46:03,403,19
04-01-2022 21:01:03,403,19
04-01-2022 21:16:04,404,19
04-01-2022 21:31:04,400,19
04-01-2022 21:46:04,402,19
04-01-2022 22:01:04,402,19
04-01-2022 22:16:04,401,18
04-01-2022 22:31:04,404,18
04-01-2022 22:46:04,404,18
04-01-2022 23:01:04,402,18
04-01-2022 23:16:04,404,18
04-01-2022 23:31:04,400,18
04-01-2022 23:46:04,403,18
05-01-2022 00:01:05,402,18
05-01-2022 00:16:05,403,18
05-01-2022 00:31:05,402,18
05-01-2022 00:46:05,402,18
05-01-2022 01:01:05,404,18
05-01-2022 01:16:05,400,18
05-01-2022 01:31:05,401,17
05-01-2022 01:46:05,404,17
05-01-2022 02:01:05,400,17
05-01-2022 02:16:06,401,17
05-01-2022 02:31:06,402,17
05-01-2022 02:46:06,402,17
05-01-2022 03:01:06,400,17
05-01-2022 03:16:06,401,17
05-01-2022 03:31:06,404,17
05-01-2022 03:46:06,402,17
05-01-2022 04:01:06,403,17
05-01-2022 04:16:06,402,17
05-01-2022 04:31:06,404,17
05-01-2022 04:46:06,401,17
05-01-2022 05:01:07,402,17
05-01-2022 05:16:07,401,17
05-01-2022 05:31:07,400,17
05-01-2022 05:46:07,402,17
05-01-2022 06:01:07,404,17
05-01-2022 06:16:07,400,17
05-01-2022 06:31:07,403,16
05-01-2022 06:46:07,403,17
05-01-2022 07:01:07,400,18
05-01-2022 07:16:07,402,19
05-01-2022 07:31:07,403,21
05-01-2022 07:46:07,403,20
05-01-2022 08:01:08,402,20
05-01-2022 08:16:08,403,19
05-01-2022 08:31:08,403,19
05-01-2022 08:46:08,400,19
05-01-2022 09:01:08,402,19
05-01-2022 09:16:08,404,18
05-01-2022 09:31:08,403,18
05-01-2022 09:46:08,404,18
05-01-2022 10:01:08,403,18
05-01-2022 10:16:08,402,18
05-01-2022 10:31:08,400,17
05-01-2022 10:46:09,403,17
05-01-2022 11:01:09,403,17
05-01-2022 11:16:09,404,17
05-01-2022 11:31:09,404,18
05-01-2022 11:46:09,400,20
05-01-2022 12:01:09,400,21
05-01-2022 12:16:09,401,20
05-01-2022 12:31:09,403,20
05-01-2022 12:46:09,402,19
05-01-2022 13:01:09,402,19
05-01-2022 13:16:09,403,19
05-01-2022 13:31:10,402,19
05-01-2022 13:46:10,401,21
05-01-2022 14:01:10,402,21
05-01-2022 14:16:10,404,21
05-01-2022 14:31:10,400,20
05-01-2022 14:46:10,404,20
05-01-2022 15:01:10,402,20
05-01-2022 15:16:10,400,19
05-01-2022 15:31:11,400,19
05-01-2022 15:46:11,402,19
05-01-2022 16:01:11,403,19
05-01-2022 16:16:11,413,18
05-01-2022 16:31:11,408,18
05-01-2022 16:46:11,404,20
05-01-2022 17:01:11,403,21
05-01-2022 17:16:11,404,20
05-01-2022 17:31:11,401,20
05-01-2022 17:46:11,403,20
05-01-2022 18:01:12,404,20
05-01-2022 18:16:12,404,19
05-01-2022 18:31:12,402,19
05-01-2022 18:46:12,401,19
05-01-2022 19:01:12,400,19
05-01-2022 19:16:12,402,19
05-01-2022 19:31:12,401,19
05-01-2022 19:46:12,400,18
05-01-2022 20:01:12,404,18
05-01-2022 20:16:13,401,19
05-01-2022 20:31:13,403,21
05-01-2022 20:46:13,401,21
05-01-2022 21:01:13,402,20
05-01-2022 21:16:13,404,20
05-01-2022 21:31:13,403,20
05-01-2022 21:46:13,400,19
05-01-2022 22:01:13,402,19
05-01-2022 22:16:13,400,19
05-01-2022 22:31:14,401,19
05-01-2022 22:46:14,401,19
05-01-2022 23:01:14,404,18
05-01-2022 23:16:14,402,18
05-01-2022 23:31:14,400,18
05-01-2022 23:46:14,403,18
06-01-2022 00:01:14,402,18
06-01-2022 00:16:14,404,18
06-01-2022 00:31:14,400,18
06-01-2022 00:46:15,400,18
06-01-2022 01:01:15,400,18
06-01-2022 01:16:15,400,18
06-01-2022 01:31:15,401,18
06-01-2022 01:46:15,402,17
06-01-2022 02:01:15,400,17
06-01-2022 02:16:15,401,17
06-01-2022 02:31:15,400,17
06-01-2022 02:46:15,402,17
06-01-2022 03:01:15,400,17
06-01-2022 03:16:16,404,17
06-01-2022 03:31:16,401,17
06-01-2022 03:46:16,404,17
06-01-2022 04:01:16,403,17
06-01-2022 04:16:16,403,17
06-01-2022 04:31:16,402,17
06-01-2022 04:46:16,403,17
06-01-2022 05:01:16,400,17
06-01-2022 05:16:16,401,17
06-01-2022 05:31:17,401,17
06-01-2022 05:46:17,403,17
06-01-2022 06:01:17,400,17
06-01-2022 06:16:17,400,17
06-01-2022 06:31:17,401,17
06-01-2022 06:46:17,403,17
06-01-2022 07:01:17,404,18
06-01-2022 07:16:17,401,19
06-01-2022 07:31:17,402,21
06-01-2022 07:46:17,402,21
06-01-2022 08:01:17,403,20
06-01-2022 08:16:18,402,20
06-01-2022 08:31:18,401,19
06-01-2022 08:46:18,404,19
06-01-2022 09:01:18,400,19
06-01-2022 09:16:18,401,18
06-01-2022 09:31:18,402,18
06-01-2022 09:46:18,403,18
06-01-2022 10:01:18,400,18
06-01-2022 10:16:18,403,18
06-01-2022 10:31:18,401,18
06-01-2022 10:46:18,400,17
06-01-2022 11:01:18,404,17
06-01-2022 11:16:19,404,17
06-01-2022 11:31:19,402,18
06-01-2022 11:46:19,400,19
06-01-2022 12:01:19,401,20
06-01-2022 12:16:19,400,20
06-01-2022 12:31:19,400,20
06-01-2022 12:46:19,401,20
06-01-2022 13:01:19,402,19
06-01-2022 13:16:19,402,19
06-01-2022 13:31:19,401,19
06-01-2022 13:46:19,400,19
06-01-2022 14:01:19,400,19
06-01-2022 14:16:19,400,20
06-01-2022 14:31:19,400,20
06-01-2022 14:46:19,404,20
06-01-2022 15:01:19,404,19
06-01-2022 15:16:20,401,19
06-01-2022 15:31:20,402,19
06-01-2022 15:46:20,404,19
06-01-2022 16:01:20,400,19
06-01-2022 16:16:20,404,20
06-01-2022 16:31:20,401,21
06-01-2022 16:46:20,401,20
06-01-2022 17:01:20,402,20
06-01-2022 17:16:20,401,19
06-01-2022 17:31:20,401,19
06-01-2022 17:46:20,402,19
06-01-2022 18:01:20,404,19
06-01-2022 18:16:21,401,19
06-01-2022 18:31:21,404,19
06-01-2022 18:46:21,400,19
06-01-2022 19:01:21,432,19
06-01-2022 19:16:21,404,20
06-01-2022 19:31:21,412,20
06-01-2022 19:46:21,434,20
06-01-2022 20:01:21,481,20
06-01-2022 20:16:21,407,19
06-01-2022 20:31:21,404,19
06-01-2022 20:46:21,425,19
06-01-2022 21:01:21,402,19
06-01-2022 21:16:22,400,19
06-01-2022 21:31:22,404,19
06-01-2022 21:46:22,402,19
06-01-2022 22:01:22,404,19
06-01-2022 22:16:22,402,20
06-01-2022 22:31:22,400,21
06-01-2022 22:46:22,402,20
06-01-2022 23:01:22,404,20
06-01-2022 23:16:22,402,20
06-01-2022 23:31:22,401,19
06-01-2022 23:46:23,401,19
07-01-2022 00:01:23,404,19
07-01-2022 00:16:23,404,19
07-01-2022 00:31:23,403,18
07-01-2022 00:46:23,400,18
07-01-2022 01:01:23,401,18
07-01-2022 01:16:23,400,18
07-01-2022 01:31:23,404,18
07-01-2022 01:46:23,401,18
07-01-2022 02:01:23,400,18
07-01-2022 02:16:23,402,17
07-01-2022 02:31:24,400,17
07-01-2022 02:46:24,404,17
07-01-2022 03:01:24,401,17
07-01-2022 03:16:24,400,17
07-01-2022 03:31:24,402,17
07-01-2022 03:46:24,404,17
07-01-2022 04:01:24,402,17
07-01-2022 04:16:24,404,17
07-01-2022 04:31:24,404,17
07-01-2022 04:46:24,400,17
07-01-2022 05:01:24,403,17
07-01-2022 05:16:24,401,17
07-01-2022 05:31:24,404,17
07-01-2022 05:46:25,402,17
07-01-2022 06:01:25,402,16
07-01-2022 06:16:25,402,17
07-01-2022 06:31:25,404,16
07-01-2022 06:46:25,404,16
07-01-2022 07:01:25,402,18
07-01-2022 07:16:25,403,19
07-01-2022 07:31:25,401,21
07-01-2022 07:46:25,404,21
07-01-2022 08:01:25,402,20
07-01-2022 08:16:26,402,20
07-01-2022 08:31:26,404,19
07-01-2022 08:46:26,404,19
07-01-2022 09:01:26,402,20
07-01-2022 09:16:26,404,21
07-01-2022 09:31:26,403,21
07-01-2022 09:46:26,400,20
07-01-2022 10:01:26,400,20
07-01-2022 10:16:26,403,20
07-01-2022 10:31:26,404,19
07-01-2022 10:46:26,403,19
07-01-2022 11:01:26,404,21
07-01-2022 11:16:26,402,21
07-01-2022 11:31:27,404,21
07-01-2022 11:46:27,402,20
07-01-2022 12:01:27,403,20
07-01-2022 12:16:27,403,19
07-01-2022 12:31:27,403,19
07-01-2022 12:46:27,401,19
07-01-2022 13:01:27,403,20
07-01-2022 13:16:27,400,21
07-01-2022 13:31:27,403,21
07-01-2022 13:46:27,402,19
07-01-2022 14:01:27,404,19
07-01-2022 14:16:28,403,19
07-01-2022 14:31:28,401,19
07-01-2022 14:46:28,401,19
07-01-2022 15:01:28,404,18
07-01-2022 15:16:28,402,19
07-01-2022 15:31:28,403,20
07-01-2022 15:46:28,402,20
07-01-2022 16:01:28,402,19
07-01-2022 16:16:28,402,19
07-01-2022 16:31:28,404,19
07-01-2022 16:46:29,400,18
07-01-2022 17:01:29,404,18
07-01-2022 17:16:29,403,18
07-01-2022 17:31:29,401,20
07-01-2022 17:46:29,401,20
07-01-2022 18:01:29,402,20
07-01-2022 18:16:29,402,19
07-01-2022 18:31:29,401,20
07-01-2022 18:46:29,403,21
07-01-2022 19:01:29,403,21
07-01-2022 19:16:29,403,21
07-01-2022 19:31:29,401,20
07-01-2022 19:46:30,400,20
07-01-2022 20:01:30,400,20
07-01-2022 20:16:30,404,21
07-01-2022 20:31:30,402,21
07-01-2022 20:46:30,403,21
07-01-2022 21:01:30,400,20
07-01-2022 21:16:30,402,20
07-01-2022 21:31:30,404,20
07-01-2022 21:46:30,404,21
07-01-2022 22:01:30,404,21
07-01-2022 22:16:31,401,21
07-01-2022 22:31:31,402,20
07-01-2022 22:46:31,403,20
07-01-2022 23:01:31,401,20
07-01-2022 23:16:31,401,19
07-01-2022 23:31:31,403,19
07-01-2022 23:46:31,404,19
08-01-2022 00:01:31,400,19
08-01-2022 00:16:31,402,19
08-01-2022 00:31:31,404,19
08-01-2022 00:46:32,401,18
08-01-2022 01:01:32,403,18
08-01-2022 01:16:32,400,18
08-01-2022 01:31:32,400,18
08-01-2022 01:46:32,402,18
08-01-2022 02:01:32,404,18
08-01-2022 02:16:32,401,18
08-01-2022 02:31:32,404,18
08-01-2022 02:46:32,401,18
08-01-2022 03:01:32,402,18
08-01-2022 03:16:33,404,18
08-01-2022 03:31:33,401,18
08-01-2022 03:46:33,403,17
08-01-2022 04:01:33,401,17
08-01-2022 04:16:33,404,17
08-01-2022 04:31:33,401,17
08-01-2022 04:46:33,403,17
08-01-2022 05:01:33,403,17
08-01-2022 05:16:33,403,17
08-01-2022 05:31:33,401,17
08-01-2022 05:46:33,404,17
08-01-2022 06:01:33,404,17
08-01-2022 06:16:34,404,17
08-01-2022 06:31:34,401,17
08-01-2022 06:46:34,402,17
08-01-2022 07:01:34,402,17
08-01-2022 07:16:34,402,17
08-01-2022 07:31:34,402,17
08-01-2022 07:46:34,402,18
08-01-2022 08:01:34,402,19
08-01-2022 08:16:34,400,20
08-01-2022 08:31:35,400,20
08-01-2022 08:46:35,401,20
08-01-2022 09:01:35,401,19
08-01-2022 09:16:35,401,19
08-01-2022 09:31:35,403,19
08-01-2022 09:46:35,403,21
08-01-2022 10:01:35,402,20
08-01-2022 10:16:35,400,20
